Top pages,Clicks,Impressions,CTR,Position
https://newinabudhabi.com/low-cost-hospital/,3,275,1.09%,9.55
https://newinabudhabi.com/tahfeez-center-islamic-books/,2,127,1.57%,14.83
https://newinabudhabi.com/discount-warehouses/,2,52,3.85%,26.88
https://newinabudhabi.com/kids-fun-activities/,1,389,0.26%,66.67
https://newinabudhabi.com/discount-warehouses,1,110,0.91%,8.23
https://newinabudhabi.com/food-groceries,1,71,1.41%,22.45
https://newinabudhabi.com/tailors-curtains-bedsheets/,1,47,2.13%,18.19
https://newinabudhabi.com/transport-driving,1,45,2.22%,8.98
https://newinabudhabi.com/,1,21,4.76%,57.67
https://newinabudhabi.com/newcomer-setup/,1,1,100%,4
https://newinabudhabi.com/food-groceries/,0,471,0%,48.51
https://newinabudhabi.com/kids-nurseries/,0,306,0%,38.58
https://newinabudhabi.com/handymen-repairs-home-services/,0,286,0%,87.04
https://newinabudhabi.com/ğŸ‰-weekend-fun-in-abu-dhabi/,0,187,0%,78.01
https://newinabudhabi.com/ğŸ§´-beauty-wellness/,0,135,0%,55.84
https://newinabudhabi.com/mobile-repair-pc-repair/,0,83,0%,41.71
https://newinabudhabi.com/ğŸ§’-kids-family/,0,50,0%,63.7
https://newinabudhabi.com/shipping-cargo-to-home-country/,0,38,0%,43.61
https://newinabudhabi.com/ğŸ›-food-groceries/,0,34,0%,37.53
https://newinabudhabi.com/ğŸ§µ-tailors-clothing-fixes/,0,21,0%,56.95
https://newinabudhabi.com/newcomer-setup,0,12,0%,5.08
https://newinabudhabi.com/ğŸ§º-shipping-cargo-to-home-country/,0,12,0%,58.75
https://newinabudhabi.com/ğŸš—-transport-driving/,0,11,0%,44.64
https://newinabudhabi.com/transport-driving-license/,0,10,0%,48.3
https://newinabudhabi.com/terms.html,0,4,0%,5.5
https://newinabudhabi.com/ğŸ -newcomer-setup/,0,4,0%,63.25
https://newinabudhabi.com/salon/,0,3,0%,77.67
https://newinabudhabi.com/visa-legal-help/,0,2,0%,7
https://newinabudhabi.com/privacy.html,0,1,0%,6
https://newinabudhabi.com/xrddafjniea_oy1644j8227361217668502163t23112807-3/,0,1,0%,8
https://newinabudhabi.com/ğŸ§¾-visa-legal-help/,0,1,0%,107